"signature","test_trace_id","line_no","registry_id","path","invoked_order"
"src/test/java/functions/CalculatorTest.java;CalculatorTest.testDivided_N001#","12",78,"1","src/test/java/functions/CalculatorTest.java;CalculatorTest.<init>#@10",0
"src/test/java/functions/CalculatorTest.java;CalculatorTest.testDivided_N001#","13",79,"1","src/main/java/functions/Calculator.java;Calculator.<init>#@15",0
"src/test/java/functions/CalculatorTest.java;CalculatorTest.testDivided_N001#","13",79,"1","src/main/java/functions/Calculator.java;Calculator.<init>#@17",1
"src/test/java/functions/CalculatorTest.java;CalculatorTest.testDivided_N001#","13",79,"1","src/main/java/functions/Calculator.java;Calculator.<init>#@18",2
"src/test/java/functions/CalculatorTest.java;CalculatorTest.testDivided_N001#","13",79,"1","src/main/java/functions/Calculator.java;Calculator.<init>#@19",3
"src/test/java/functions/CalculatorTest.java;CalculatorTest.testDivided_N001#","13",79,"1","src/main/java/functions/Calculator.java;Calculator.<init>#@21",4
"src/test/java/functions/CalculatorTest.java;CalculatorTest.testDivided_N001#","14",80,"1","src/main/java/functions/Calculator.java;Calculator.divided#Double@69",0
"src/test/java/functions/CalculatorTest.java;CalculatorTest.testDivided_N001#","14",80,"1","src/main/java/functions/Calculator.java;Calculator.isStaticNull#Double,Double@160",1
"src/test/java/functions/CalculatorTest.java;CalculatorTest.testDivided_N001#","14",80,"1","src/main/java/functions/Calculator.java;Calculator.divided#Double@73",2
"src/test/java/functions/CalculatorTest.java;CalculatorTest.testDivided_N001#","14",80,"1","src/main/java/functions/Calculator.java;Calculator.divided#Double@79",3
"src/test/java/functions/CalculatorTest.java;CalculatorTest.testDivided_N001#","14",80,"1","src/main/java/functions/Calculator.java;Calculator.divided#Double@80",4
"src/test/java/functions/CalculatorTest.java;CalculatorTest.testDivided_N001#","15",81,"1","src/main/java/functions/Calculator.java;Calculator.getAnswer#@153",0
"src/test/java/functions/CalculatorTest.java;CalculatorTest.testDivided_N002#","1",85,"1","src/test/java/functions/CalculatorTest.java;CalculatorTest.<init>#@10",0
"src/test/java/functions/CalculatorTest.java;CalculatorTest.testDivided_N002#","2",86,"1","src/main/java/functions/Calculator.java;Calculator.<init>#@15",0
"src/test/java/functions/CalculatorTest.java;CalculatorTest.testDivided_N002#","2",86,"1","src/main/java/functions/Calculator.java;Calculator.<init>#@17",1
"src/test/java/functions/CalculatorTest.java;CalculatorTest.testDivided_N002#","2",86,"1","src/main/java/functions/Calculator.java;Calculator.<init>#@18",2
"src/test/java/functions/CalculatorTest.java;CalculatorTest.testDivided_N002#","2",86,"1","src/main/java/functions/Calculator.java;Calculator.<init>#@19",3
"src/test/java/functions/CalculatorTest.java;CalculatorTest.testDivided_N002#","2",86,"1","src/main/java/functions/Calculator.java;Calculator.<init>#@21",4
"src/test/java/functions/CalculatorTest.java;CalculatorTest.testDivided_N002#","3",87,"1","src/main/java/functions/Calculator.java;Calculator.divided#Double@69",0
"src/test/java/functions/CalculatorTest.java;CalculatorTest.testDivided_N002#","3",87,"1","src/main/java/functions/Calculator.java;Calculator.isStaticNull#Double,Double@160",1
"src/test/java/functions/CalculatorTest.java;CalculatorTest.testDivided_N002#","3",87,"1","src/main/java/functions/Calculator.java;Calculator.divided#Double@71",2
"src/test/java/functions/CalculatorTest.java;CalculatorTest.testDivided_N002#","4",88,"1","src/main/java/functions/Calculator.java;Calculator.getAnswer#@153",0
"src/test/java/functions/CalculatorTest.java;CalculatorTest.testDivided_N003#","6",92,"1","src/test/java/functions/CalculatorTest.java;CalculatorTest.<init>#@10",0
"src/test/java/functions/CalculatorTest.java;CalculatorTest.testDivided_N003#","7",93,"1","src/main/java/functions/Calculator.java;Calculator.<init>#@15",0
"src/test/java/functions/CalculatorTest.java;CalculatorTest.testDivided_N003#","7",93,"1","src/main/java/functions/Calculator.java;Calculator.<init>#@17",1
"src/test/java/functions/CalculatorTest.java;CalculatorTest.testDivided_N003#","7",93,"1","src/main/java/functions/Calculator.java;Calculator.<init>#@18",2
"src/test/java/functions/CalculatorTest.java;CalculatorTest.testDivided_N003#","7",93,"1","src/main/java/functions/Calculator.java;Calculator.<init>#@19",3
"src/test/java/functions/CalculatorTest.java;CalculatorTest.testDivided_N003#","7",93,"1","src/main/java/functions/Calculator.java;Calculator.<init>#@21",4
"src/test/java/functions/CalculatorTest.java;CalculatorTest.testDivided_N003#","8",94,"1","src/main/java/functions/Calculator.java;Calculator.divided#Double@69",0
"src/test/java/functions/CalculatorTest.java;CalculatorTest.testDivided_N003#","8",94,"1","src/main/java/functions/Calculator.java;Calculator.isStaticNull#Double,Double@160",1
"src/test/java/functions/CalculatorTest.java;CalculatorTest.testDivided_N003#","8",94,"1","src/main/java/functions/Calculator.java;Calculator.divided#Double@73",2
"src/test/java/functions/CalculatorTest.java;CalculatorTest.testDivided_N003#","8",94,"1","src/main/java/functions/Calculator.java;Calculator.divided#Double@74",3
"src/test/java/functions/CalculatorTest.java;CalculatorTest.testDivided_N003#","8",94,"1","src/main/java/functions/Calculator.java;Calculator.divided#Double@75",4
"src/test/java/functions/CalculatorTest.java;CalculatorTest.testDivided_N003#","8",94,"1","src/main/java/functions/Calculator.java;Calculator.divided#Double@76",5
"src/test/java/functions/CalculatorTest.java;CalculatorTest.testDivided_N003#","9",95,"1","src/main/java/functions/Calculator.java;Calculator.getAnswer#@153",0
"src/test/java/functions/CalculatorTest.java;CalculatorTest.testDivided_N003#","10",96,"1","src/main/java/functions/distributions/Calculator2.java;Calculator2.aho#@6",0
"src/test/java/functions/CalculatorTest.java;CalculatorTest.testDivided_N004#","39",100,"1","src/test/java/functions/CalculatorTest.java;CalculatorTest.<init>#@10",0
"src/test/java/functions/CalculatorTest.java;CalculatorTest.testDivided_N004#","40",101,"1","src/main/java/functions/Calculator.java;Calculator.<init>#@15",0
"src/test/java/functions/CalculatorTest.java;CalculatorTest.testDivided_N004#","40",101,"1","src/main/java/functions/Calculator.java;Calculator.<init>#@17",1
"src/test/java/functions/CalculatorTest.java;CalculatorTest.testDivided_N004#","40",101,"1","src/main/java/functions/Calculator.java;Calculator.<init>#@18",2
"src/test/java/functions/CalculatorTest.java;CalculatorTest.testDivided_N004#","40",101,"1","src/main/java/functions/Calculator.java;Calculator.<init>#@19",3
"src/test/java/functions/CalculatorTest.java;CalculatorTest.testDivided_N004#","40",101,"1","src/main/java/functions/Calculator.java;Calculator.<init>#@21",4
"src/test/java/functions/CalculatorTest.java;CalculatorTest.testDivided_N004#","41",102,"1","src/main/java/functions/Calculator.java;Calculator.plus#Double@43",0
"src/test/java/functions/CalculatorTest.java;CalculatorTest.testDivided_N004#","41",102,"1","src/main/java/functions/Calculator.java;Calculator.isNull#Double,Double@156",1
"src/test/java/functions/CalculatorTest.java;CalculatorTest.testDivided_N004#","41",102,"1","src/main/java/functions/Calculator.java;Calculator.plus#Double@47",2
"src/test/java/functions/CalculatorTest.java;CalculatorTest.testDivided_N004#","41",102,"1","src/main/java/functions/Calculator.java;Calculator.plus#Double@48",3
"src/test/java/functions/CalculatorTest.java;CalculatorTest.testDivided_N004#","41",102,"1","src/main/java/functions/Calculator.java;Calculator.plus#Double@49",4
"src/test/java/functions/CalculatorTest.java;CalculatorTest.testDivided_N004#","42",103,"1","src/main/java/functions/Calculator.java;Calculator.divided#Double@69",0
"src/test/java/functions/CalculatorTest.java;CalculatorTest.testDivided_N004#","42",103,"1","src/main/java/functions/Calculator.java;Calculator.isStaticNull#Double,Double@160",1
"src/test/java/functions/CalculatorTest.java;CalculatorTest.testDivided_N004#","42",103,"1","src/main/java/functions/Calculator.java;Calculator.divided#Double@73",2
"src/test/java/functions/CalculatorTest.java;CalculatorTest.testDivided_N004#","42",103,"1","src/main/java/functions/Calculator.java;Calculator.divided#Double@79",3
"src/test/java/functions/CalculatorTest.java;CalculatorTest.testDivided_N004#","42",103,"1","src/main/java/functions/Calculator.java;Calculator.divided#Double@80",4
"src/test/java/functions/CalculatorTest.java;CalculatorTest.testDivided_N004#","43",104,"1","src/main/java/functions/Calculator.java;Calculator.getAnswer#@153",0
"src/test/java/functions/CalculatorTest.java;CalculatorTest.testDivided_N005#","45",108,"1","src/test/java/functions/CalculatorTest.java;CalculatorTest.<init>#@10",0
"src/test/java/functions/CalculatorTest.java;CalculatorTest.testDivided_N005#","46",109,"1","src/main/java/functions/Calculator.java;Calculator.<init>#@15",0
"src/test/java/functions/CalculatorTest.java;CalculatorTest.testDivided_N005#","46",109,"1","src/main/java/functions/Calculator.java;Calculator.<init>#@17",1
"src/test/java/functions/CalculatorTest.java;CalculatorTest.testDivided_N005#","46",109,"1","src/main/java/functions/Calculator.java;Calculator.<init>#@18",2
"src/test/java/functions/CalculatorTest.java;CalculatorTest.testDivided_N005#","46",109,"1","src/main/java/functions/Calculator.java;Calculator.<init>#@19",3
"src/test/java/functions/CalculatorTest.java;CalculatorTest.testDivided_N005#","46",109,"1","src/main/java/functions/Calculator.java;Calculator.<init>#@21",4
"src/test/java/functions/CalculatorTest.java;CalculatorTest.testDivided_N005#","47",110,"1","src/main/java/functions/Calculator.java;Calculator.plus#Double@43",0
"src/test/java/functions/CalculatorTest.java;CalculatorTest.testDivided_N005#","47",110,"1","src/main/java/functions/Calculator.java;Calculator.isNull#Double,Double@156",1
"src/test/java/functions/CalculatorTest.java;CalculatorTest.testDivided_N005#","47",110,"1","src/main/java/functions/Calculator.java;Calculator.plus#Double@47",2
"src/test/java/functions/CalculatorTest.java;CalculatorTest.testDivided_N005#","47",110,"1","src/main/java/functions/Calculator.java;Calculator.plus#Double@48",3
"src/test/java/functions/CalculatorTest.java;CalculatorTest.testDivided_N005#","47",110,"1","src/main/java/functions/Calculator.java;Calculator.plus#Double@49",4
"src/test/java/functions/CalculatorTest.java;CalculatorTest.testDivided_N005#","48",111,"1","src/main/java/functions/Calculator.java;Calculator.divided#Double@69",0
"src/test/java/functions/CalculatorTest.java;CalculatorTest.testDivided_N005#","48",111,"1","src/main/java/functions/Calculator.java;Calculator.isStaticNull#Double,Double@160",1
"src/test/java/functions/CalculatorTest.java;CalculatorTest.testDivided_N005#","48",111,"1","src/main/java/functions/Calculator.java;Calculator.divided#Double@73",2
"src/test/java/functions/CalculatorTest.java;CalculatorTest.testDivided_N005#","48",111,"1","src/main/java/functions/Calculator.java;Calculator.divided#Double@79",3
"src/test/java/functions/CalculatorTest.java;CalculatorTest.testDivided_N005#","48",111,"1","src/main/java/functions/Calculator.java;Calculator.divided#Double@80",4
"src/test/java/functions/CalculatorTest.java;CalculatorTest.testDivided_N005#","49",112,"1","src/main/java/functions/Calculator.java;Calculator.getAnswer#@153",0
"src/test/java/functions/CalculatorTest.java;CalculatorTest.testFactorial_N001#","67",179,"1","src/test/java/functions/CalculatorTest.java;CalculatorTest.<init>#@10",0
"src/test/java/functions/CalculatorTest.java;CalculatorTest.testFactorial_N001#","68",180,"1","src/main/java/functions/Calculator.java;Calculator.<init>#@15",0
"src/test/java/functions/CalculatorTest.java;CalculatorTest.testFactorial_N001#","68",180,"1","src/main/java/functions/Calculator.java;Calculator.<init>#@17",1
"src/test/java/functions/CalculatorTest.java;CalculatorTest.testFactorial_N001#","68",180,"1","src/main/java/functions/Calculator.java;Calculator.<init>#@18",2
"src/test/java/functions/CalculatorTest.java;CalculatorTest.testFactorial_N001#","68",180,"1","src/main/java/functions/Calculator.java;Calculator.<init>#@19",3
"src/test/java/functions/CalculatorTest.java;CalculatorTest.testFactorial_N001#","68",180,"1","src/main/java/functions/Calculator.java;Calculator.<init>#@21",4
"src/test/java/functions/CalculatorTest.java;CalculatorTest.testFactorial_N001#","69",181,"1","src/main/java/functions/Calculator.java;Calculator.factorial#Double@103",0
"src/test/java/functions/CalculatorTest.java;CalculatorTest.testFactorial_N001#","69",181,"1","src/main/java/functions/Calculator.java;Calculator.factorial#Double@104",1
"src/test/java/functions/CalculatorTest.java;CalculatorTest.testFactorial_N001#","69",181,"1","src/main/java/functions/Calculator.java;Calculator.factorial#Double@108",2
"src/test/java/functions/CalculatorTest.java;CalculatorTest.testFactorial_N001#","69",181,"1","src/main/java/functions/Calculator.java;Calculator.factorial#Double@109",3
"src/test/java/functions/CalculatorTest.java;CalculatorTest.testFactorial_N001#","69",181,"1","src/main/java/functions/Calculator.java;Calculator.factorial#Double@110",4
"src/test/java/functions/CalculatorTest.java;CalculatorTest.testFactorial_N001#","69",181,"1","src/main/java/functions/Calculator.java;Calculator.factorial#Double@110",5
"src/test/java/functions/CalculatorTest.java;CalculatorTest.testFactorial_N001#","69",181,"1","src/main/java/functions/Calculator.java;Calculator.factorial#Double@110",6
"src/test/java/functions/CalculatorTest.java;CalculatorTest.testFactorial_N001#","69",181,"1","src/main/java/functions/Calculator.java;Calculator.factorial#Double@110",7
"src/test/java/functions/CalculatorTest.java;CalculatorTest.testFactorial_N001#","69",181,"1","src/main/java/functions/Calculator.java;Calculator.factorial#Double@110",8
"src/test/java/functions/CalculatorTest.java;CalculatorTest.testFactorial_N001#","69",181,"1","src/main/java/functions/Calculator.java;Calculator.factorial#Double@112",9
"src/test/java/functions/CalculatorTest.java;CalculatorTest.testFactorial_N001#","69",181,"1","src/main/java/functions/Calculator.java;Calculator.factorial#Double@113",10
"src/test/java/functions/CalculatorTest.java;CalculatorTest.testFactorial_N002#","92",186,"1","src/test/java/functions/CalculatorTest.java;CalculatorTest.<init>#@10",0
"src/test/java/functions/CalculatorTest.java;CalculatorTest.testFactorial_N002#","93",187,"1","src/main/java/functions/Calculator.java;Calculator.<init>#@15",0
"src/test/java/functions/CalculatorTest.java;CalculatorTest.testFactorial_N002#","93",187,"1","src/main/java/functions/Calculator.java;Calculator.<init>#@17",1
"src/test/java/functions/CalculatorTest.java;CalculatorTest.testFactorial_N002#","93",187,"1","src/main/java/functions/Calculator.java;Calculator.<init>#@18",2
"src/test/java/functions/CalculatorTest.java;CalculatorTest.testFactorial_N002#","93",187,"1","src/main/java/functions/Calculator.java;Calculator.<init>#@19",3
"src/test/java/functions/CalculatorTest.java;CalculatorTest.testFactorial_N002#","93",187,"1","src/main/java/functions/Calculator.java;Calculator.<init>#@21",4
"src/test/java/functions/CalculatorTest.java;CalculatorTest.testFactorial_N002#","94",188,"1","src/main/java/functions/Calculator.java;Calculator.factorial#Double@103",0
"src/test/java/functions/CalculatorTest.java;CalculatorTest.testFactorial_N002#","94",188,"1","src/main/java/functions/Calculator.java;Calculator.factorial#Double@104",1
"src/test/java/functions/CalculatorTest.java;CalculatorTest.testFactorial_N002#","94",188,"1","src/main/java/functions/Calculator.java;Calculator.factorial#Double@108",2
"src/test/java/functions/CalculatorTest.java;CalculatorTest.testFactorial_N002#","94",188,"1","src/main/java/functions/Calculator.java;Calculator.factorial#Double@109",3
"src/test/java/functions/CalculatorTest.java;CalculatorTest.testFactorial_N002#","94",188,"1","src/main/java/functions/Calculator.java;Calculator.factorial#Double@112",4
"src/test/java/functions/CalculatorTest.java;CalculatorTest.testFactorial_N002#","94",188,"1","src/main/java/functions/Calculator.java;Calculator.factorial#Double@113",5
"src/test/java/functions/CalculatorTest.java;CalculatorTest.testFactorial_N003#","103",193,"1","src/test/java/functions/CalculatorTest.java;CalculatorTest.<init>#@10",0
"src/test/java/functions/CalculatorTest.java;CalculatorTest.testFactorial_N003#","104",194,"1","src/main/java/functions/Calculator.java;Calculator.<init>#@15",0
"src/test/java/functions/CalculatorTest.java;CalculatorTest.testFactorial_N003#","104",194,"1","src/main/java/functions/Calculator.java;Calculator.<init>#@17",1
"src/test/java/functions/CalculatorTest.java;CalculatorTest.testFactorial_N003#","104",194,"1","src/main/java/functions/Calculator.java;Calculator.<init>#@18",2
"src/test/java/functions/CalculatorTest.java;CalculatorTest.testFactorial_N003#","104",194,"1","src/main/java/functions/Calculator.java;Calculator.<init>#@19",3
"src/test/java/functions/CalculatorTest.java;CalculatorTest.testFactorial_N003#","104",194,"1","src/main/java/functions/Calculator.java;Calculator.<init>#@21",4
"src/test/java/functions/CalculatorTest.java;CalculatorTest.testFactorial_N003#","105",195,"1","src/main/java/functions/Calculator.java;Calculator.factorial#Double@103",0
"src/test/java/functions/CalculatorTest.java;CalculatorTest.testFactorial_N003#","105",195,"1","src/main/java/functions/Calculator.java;Calculator.factorial#Double@104",1
"src/test/java/functions/CalculatorTest.java;CalculatorTest.testFactorial_N004#","82",200,"1","src/test/java/functions/CalculatorTest.java;CalculatorTest.<init>#@10",0
"src/test/java/functions/CalculatorTest.java;CalculatorTest.testFactorial_N004#","83",201,"1","src/main/java/functions/Calculator.java;Calculator.<init>#@15",0
"src/test/java/functions/CalculatorTest.java;CalculatorTest.testFactorial_N004#","83",201,"1","src/main/java/functions/Calculator.java;Calculator.<init>#@17",1
"src/test/java/functions/CalculatorTest.java;CalculatorTest.testFactorial_N004#","83",201,"1","src/main/java/functions/Calculator.java;Calculator.<init>#@18",2
"src/test/java/functions/CalculatorTest.java;CalculatorTest.testFactorial_N004#","83",201,"1","src/main/java/functions/Calculator.java;Calculator.<init>#@19",3
"src/test/java/functions/CalculatorTest.java;CalculatorTest.testFactorial_N004#","83",201,"1","src/main/java/functions/Calculator.java;Calculator.<init>#@21",4
"src/test/java/functions/CalculatorTest.java;CalculatorTest.testFactorial_N004#","84",202,"1","src/main/java/functions/Calculator.java;Calculator.factorial#Double@103",0
"src/test/java/functions/CalculatorTest.java;CalculatorTest.testFactorial_N004#","84",202,"1","src/main/java/functions/Calculator.java;Calculator.factorial#Double@104",1
"src/test/java/functions/CalculatorTest.java;CalculatorTest.testFactorial_N004#","84",202,"1","src/main/java/functions/Calculator.java;Calculator.factorial#Double@105",2
"src/test/java/functions/CalculatorTest.java;CalculatorTest.testFactorial_N004#","84",202,"1","src/main/java/functions/Calculator.java;Calculator.factorial#Double@106",3
"src/test/java/functions/CalculatorTest.java;CalculatorTest.testFactorial_N005#","87",207,"1","src/test/java/functions/CalculatorTest.java;CalculatorTest.<init>#@10",0
"src/test/java/functions/CalculatorTest.java;CalculatorTest.testFactorial_N005#","88",208,"1","src/main/java/functions/Calculator.java;Calculator.<init>#@15",0
"src/test/java/functions/CalculatorTest.java;CalculatorTest.testFactorial_N005#","88",208,"1","src/main/java/functions/Calculator.java;Calculator.<init>#@17",1
"src/test/java/functions/CalculatorTest.java;CalculatorTest.testFactorial_N005#","88",208,"1","src/main/java/functions/Calculator.java;Calculator.<init>#@18",2
"src/test/java/functions/CalculatorTest.java;CalculatorTest.testFactorial_N005#","88",208,"1","src/main/java/functions/Calculator.java;Calculator.<init>#@19",3
"src/test/java/functions/CalculatorTest.java;CalculatorTest.testFactorial_N005#","88",208,"1","src/main/java/functions/Calculator.java;Calculator.<init>#@21",4
"src/test/java/functions/CalculatorTest.java;CalculatorTest.testFactorial_N005#","89",209,"1","src/main/java/functions/Calculator.java;Calculator.factorial#Double@103",0
"src/test/java/functions/CalculatorTest.java;CalculatorTest.testFactorial_N005#","89",209,"1","src/main/java/functions/Calculator.java;Calculator.factorial#Double@104",1
"src/test/java/functions/CalculatorTest.java;CalculatorTest.testFactorial_N005#","89",209,"1","src/main/java/functions/Calculator.java;Calculator.factorial#Double@108",2
"src/test/java/functions/CalculatorTest.java;CalculatorTest.testFactorial_N005#","89",209,"1","src/main/java/functions/Calculator.java;Calculator.factorial#Double@109",3
"src/test/java/functions/CalculatorTest.java;CalculatorTest.testFactorial_N005#","89",209,"1","src/main/java/functions/Calculator.java;Calculator.factorial#Double@110",4
"src/test/java/functions/CalculatorTest.java;CalculatorTest.testFactorial_N005#","89",209,"1","src/main/java/functions/Calculator.java;Calculator.factorial#Double@112",5
"src/test/java/functions/CalculatorTest.java;CalculatorTest.testFactorial_N005#","89",209,"1","src/main/java/functions/Calculator.java;Calculator.factorial#Double@113",6
"src/test/java/functions/CalculatorTest.java;CalculatorTest.testFailure#","122",19,"1","src/test/java/functions/CalculatorTest.java;CalculatorTest.<init>#@10",0
"src/test/java/functions/CalculatorTest.java;CalculatorTest.testFailure#","123",20,"1","src/main/java/functions/Calculator.java;Calculator.<init>#@15",0
"src/test/java/functions/CalculatorTest.java;CalculatorTest.testFailure#","123",20,"1","src/main/java/functions/distributions/Calculator3.java;Calculator3.<init>#@8",1
"src/test/java/functions/CalculatorTest.java;CalculatorTest.testFailure#","123",20,"1","src/main/java/functions/distributions/TmpAttribute.java;TmpAttribute.<init>#@8",2
"src/test/java/functions/CalculatorTest.java;CalculatorTest.testFailure#","123",20,"1","src/main/java/functions/distributions/TmpAttribute.java;TmpAttribute.<init>#@10",3
"src/test/java/functions/CalculatorTest.java;CalculatorTest.testFailure#","123",20,"1","src/main/java/functions/distributions/TmpAttribute.java;TmpAttribute.<init>#@7",4
"src/test/java/functions/CalculatorTest.java;CalculatorTest.testFailure#","123",20,"1","src/main/java/functions/distributions/TmpAttribute.java;TmpAttribute.<init>#@11",5
"src/test/java/functions/CalculatorTest.java;CalculatorTest.testFailure#","123",20,"1","src/main/java/functions/distributions/Calculator3.java;Calculator3.<init>#@7",6
"src/test/java/functions/CalculatorTest.java;CalculatorTest.testFailure#","123",20,"1","src/main/java/functions/Calculator.java;Calculator.<init>#@17",7
"src/test/java/functions/CalculatorTest.java;CalculatorTest.testFailure#","123",20,"1","src/main/java/functions/Calculator.java;Calculator.<init>#@18",8
"src/test/java/functions/CalculatorTest.java;CalculatorTest.testFailure#","123",20,"1","src/main/java/functions/Calculator.java;Calculator.<init>#@19",9
"src/test/java/functions/CalculatorTest.java;CalculatorTest.testFailure#","123",20,"1","src/main/java/functions/Calculator.java;Calculator.<init>#@21",10
"src/test/java/functions/CalculatorTest.java;CalculatorTest.testFailure#","124",21,"1","src/main/java/functions/distributions/Calculator3.java;Calculator3.getAttribute#@17",0
"src/test/java/functions/CalculatorTest.java;CalculatorTest.testFailure#","124",21,"1","src/main/java/functions/distributions/TmpAttribute.java;TmpAttribute.getTmpAttribute#@13",1
"src/test/java/functions/CalculatorTest.java;CalculatorTest.testFailure#","124",21,"1","src/main/java/functions/distributions/TmpAttribute.java;TmpAttribute.getTmpAttribute#@14",2
"src/test/java/functions/CalculatorTest.java;CalculatorTest.testFibonacci_N001#","168",214,"1","src/test/java/functions/CalculatorTest.java;CalculatorTest.<init>#@10",0
"src/test/java/functions/CalculatorTest.java;CalculatorTest.testFibonacci_N001#","169",215,"1","src/main/java/functions/Calculator.java;Calculator.<init>#@15",0
"src/test/java/functions/CalculatorTest.java;CalculatorTest.testFibonacci_N001#","169",215,"1","src/main/java/functions/Calculator.java;Calculator.<init>#@17",1
"src/test/java/functions/CalculatorTest.java;CalculatorTest.testFibonacci_N001#","169",215,"1","src/main/java/functions/Calculator.java;Calculator.<init>#@18",2
"src/test/java/functions/CalculatorTest.java;CalculatorTest.testFibonacci_N001#","169",215,"1","src/main/java/functions/Calculator.java;Calculator.<init>#@19",3
"src/test/java/functions/CalculatorTest.java;CalculatorTest.testFibonacci_N001#","169",215,"1","src/main/java/functions/Calculator.java;Calculator.<init>#@21",4
"src/test/java/functions/CalculatorTest.java;CalculatorTest.testFibonacci_N001#","170",216,"1","src/main/java/functions/Calculator.java;Calculator.fibonacci#Double@118",0
"src/test/java/functions/CalculatorTest.java;CalculatorTest.testFibonacci_N001#","170",216,"1","src/main/java/functions/Calculator.java;Calculator.fibonacci#Double@123",1
"src/test/java/functions/CalculatorTest.java;CalculatorTest.testFibonacci_N001#","170",216,"1","src/main/java/functions/Calculator.java;Calculator.fibonacci#Double@124",2
"src/test/java/functions/CalculatorTest.java;CalculatorTest.testFibonacci_N001#","170",216,"1","src/main/java/functions/Calculator.java;Calculator.fibonacci#Double@125",3
"src/test/java/functions/CalculatorTest.java;CalculatorTest.testFibonacci_N001#","170",216,"1","src/main/java/functions/Calculator.java;Calculator.fibonacci#Double@126",4
"src/test/java/functions/CalculatorTest.java;CalculatorTest.testFibonacci_N001#","170",216,"1","src/main/java/functions/Calculator.java;Calculator.fibonacci#Double@127",5
"src/test/java/functions/CalculatorTest.java;CalculatorTest.testFibonacci_N001#","170",216,"1","src/main/java/functions/Calculator.java;Calculator.fibonacci#Double@125",6
"src/test/java/functions/CalculatorTest.java;CalculatorTest.testFibonacci_N001#","170",216,"1","src/main/java/functions/Calculator.java;Calculator.fibonacci#Double@126",7
"src/test/java/functions/CalculatorTest.java;CalculatorTest.testFibonacci_N001#","170",216,"1","src/main/java/functions/Calculator.java;Calculator.fibonacci#Double@127",8
"src/test/java/functions/CalculatorTest.java;CalculatorTest.testFibonacci_N001#","170",216,"1","src/main/java/functions/Calculator.java;Calculator.fibonacci#Double@125",9
"src/test/java/functions/CalculatorTest.java;CalculatorTest.testFibonacci_N001#","170",216,"1","src/main/java/functions/Calculator.java;Calculator.fibonacci#Double@126",10
"src/test/java/functions/CalculatorTest.java;CalculatorTest.testFibonacci_N001#","170",216,"1","src/main/java/functions/Calculator.java;Calculator.fibonacci#Double@127",11
"src/test/java/functions/CalculatorTest.java;CalculatorTest.testFibonacci_N001#","170",216,"1","src/main/java/functions/Calculator.java;Calculator.fibonacci#Double@125",12
"src/test/java/functions/CalculatorTest.java;CalculatorTest.testFibonacci_N001#","170",216,"1","src/main/java/functions/Calculator.java;Calculator.fibonacci#Double@126",13
"src/test/java/functions/CalculatorTest.java;CalculatorTest.testFibonacci_N001#","170",216,"1","src/main/java/functions/Calculator.java;Calculator.fibonacci#Double@127",14
"src/test/java/functions/CalculatorTest.java;CalculatorTest.testFibonacci_N001#","170",216,"1","src/main/java/functions/Calculator.java;Calculator.fibonacci#Double@125",15
"src/test/java/functions/CalculatorTest.java;CalculatorTest.testFibonacci_N001#","170",216,"1","src/main/java/functions/Calculator.java;Calculator.fibonacci#Double@126",16
"src/test/java/functions/CalculatorTest.java;CalculatorTest.testFibonacci_N001#","170",216,"1","src/main/java/functions/Calculator.java;Calculator.fibonacci#Double@127",17
"src/test/java/functions/CalculatorTest.java;CalculatorTest.testFibonacci_N001#","170",216,"1","src/main/java/functions/Calculator.java;Calculator.fibonacci#Double@125",18
"src/test/java/functions/CalculatorTest.java;CalculatorTest.testFibonacci_N001#","170",216,"1","src/main/java/functions/Calculator.java;Calculator.fibonacci#Double@126",19
"src/test/java/functions/CalculatorTest.java;CalculatorTest.testFibonacci_N001#","170",216,"1","src/main/java/functions/Calculator.java;Calculator.fibonacci#Double@127",20
"src/test/java/functions/CalculatorTest.java;CalculatorTest.testFibonacci_N001#","170",216,"1","src/main/java/functions/Calculator.java;Calculator.fibonacci#Double@125",21
"src/test/java/functions/CalculatorTest.java;CalculatorTest.testFibonacci_N001#","170",216,"1","src/main/java/functions/Calculator.java;Calculator.fibonacci#Double@126",22
"src/test/java/functions/CalculatorTest.java;CalculatorTest.testFibonacci_N001#","170",216,"1","src/main/java/functions/Calculator.java;Calculator.fibonacci#Double@127",23
"src/test/java/functions/CalculatorTest.java;CalculatorTest.testFibonacci_N001#","170",216,"1","src/main/java/functions/Calculator.java;Calculator.fibonacci#Double@125",24
"src/test/java/functions/CalculatorTest.java;CalculatorTest.testFibonacci_N001#","170",216,"1","src/main/java/functions/Calculator.java;Calculator.fibonacci#Double@126",25
"src/test/java/functions/CalculatorTest.java;CalculatorTest.testFibonacci_N001#","170",216,"1","src/main/java/functions/Calculator.java;Calculator.fibonacci#Double@127",26
"src/test/java/functions/CalculatorTest.java;CalculatorTest.testFibonacci_N001#","170",216,"1","src/main/java/functions/Calculator.java;Calculator.fibonacci#Double@129",27
"src/test/java/functions/CalculatorTest.java;CalculatorTest.testFibonacci_N001#","170",216,"1","src/main/java/functions/Calculator.java;Calculator.fibonacci#Double@130",28
"src/test/java/functions/CalculatorTest.java;CalculatorTest.testFibonacci_N001#","170",216,"1","src/main/java/functions/Calculator.java;Calculator.fibonacci#Double@131",29
"src/test/java/functions/CalculatorTest.java;CalculatorTest.testFibonacci_N002#","157",221,"1","src/test/java/functions/CalculatorTest.java;CalculatorTest.<init>#@10",0
"src/test/java/functions/CalculatorTest.java;CalculatorTest.testFibonacci_N002#","158",222,"1","src/main/java/functions/Calculator.java;Calculator.<init>#@15",0
"src/test/java/functions/CalculatorTest.java;CalculatorTest.testFibonacci_N002#","158",222,"1","src/main/java/functions/Calculator.java;Calculator.<init>#@17",1
"src/test/java/functions/CalculatorTest.java;CalculatorTest.testFibonacci_N002#","158",222,"1","src/main/java/functions/Calculator.java;Calculator.<init>#@18",2
"src/test/java/functions/CalculatorTest.java;CalculatorTest.testFibonacci_N002#","158",222,"1","src/main/java/functions/Calculator.java;Calculator.<init>#@19",3
"src/test/java/functions/CalculatorTest.java;CalculatorTest.testFibonacci_N002#","158",222,"1","src/main/java/functions/Calculator.java;Calculator.<init>#@21",4
"src/test/java/functions/CalculatorTest.java;CalculatorTest.testFibonacci_N002#","159",223,"1","src/main/java/functions/Calculator.java;Calculator.fibonacci#Double@118",0
"src/test/java/functions/CalculatorTest.java;CalculatorTest.testFibonacci_N002#","159",223,"1","src/main/java/functions/Calculator.java;Calculator.fibonacci#Double@123",1
"src/test/java/functions/CalculatorTest.java;CalculatorTest.testFibonacci_N002#","159",223,"1","src/main/java/functions/Calculator.java;Calculator.fibonacci#Double@124",2
"src/test/java/functions/CalculatorTest.java;CalculatorTest.testFibonacci_N002#","159",223,"1","src/main/java/functions/Calculator.java;Calculator.fibonacci#Double@129",3
"src/test/java/functions/CalculatorTest.java;CalculatorTest.testFibonacci_N002#","159",223,"1","src/main/java/functions/Calculator.java;Calculator.fibonacci#Double@130",4
"src/test/java/functions/CalculatorTest.java;CalculatorTest.testFibonacci_N002#","159",223,"1","src/main/java/functions/Calculator.java;Calculator.fibonacci#Double@131",5
"src/test/java/functions/CalculatorTest.java;CalculatorTest.testFibonacci_N003#","184",228,"1","src/test/java/functions/CalculatorTest.java;CalculatorTest.<init>#@10",0
"src/test/java/functions/CalculatorTest.java;CalculatorTest.testFibonacci_N003#","185",229,"1","src/main/java/functions/Calculator.java;Calculator.<init>#@15",0
"src/test/java/functions/CalculatorTest.java;CalculatorTest.testFibonacci_N003#","185",229,"1","src/main/java/functions/Calculator.java;Calculator.<init>#@17",1
"src/test/java/functions/CalculatorTest.java;CalculatorTest.testFibonacci_N003#","185",229,"1","src/main/java/functions/Calculator.java;Calculator.<init>#@18",2
"src/test/java/functions/CalculatorTest.java;CalculatorTest.testFibonacci_N003#","185",229,"1","src/main/java/functions/Calculator.java;Calculator.<init>#@19",3
"src/test/java/functions/CalculatorTest.java;CalculatorTest.testFibonacci_N003#","185",229,"1","src/main/java/functions/Calculator.java;Calculator.<init>#@21",4
"src/test/java/functions/CalculatorTest.java;CalculatorTest.testFibonacci_N003#","186",230,"1","src/main/java/functions/Calculator.java;Calculator.fibonacci#Double@118",0
"src/test/java/functions/CalculatorTest.java;CalculatorTest.testFibonacci_N003#","186",230,"1","src/main/java/functions/Calculator.java;Calculator.fibonacci#Double@123",1
"src/test/java/functions/CalculatorTest.java;CalculatorTest.testFibonacci_N003#","186",230,"1","src/main/java/functions/Calculator.java;Calculator.fibonacci#Double@124",2
"src/test/java/functions/CalculatorTest.java;CalculatorTest.testFibonacci_N003#","186",230,"1","src/main/java/functions/Calculator.java;Calculator.fibonacci#Double@129",3
"src/test/java/functions/CalculatorTest.java;CalculatorTest.testFibonacci_N003#","186",230,"1","src/main/java/functions/Calculator.java;Calculator.fibonacci#Double@130",4
"src/test/java/functions/CalculatorTest.java;CalculatorTest.testFibonacci_N003#","186",230,"1","src/main/java/functions/Calculator.java;Calculator.fibonacci#Double@131",5
"src/test/java/functions/CalculatorTest.java;CalculatorTest.testFibonacci_N004#","173",235,"1","src/test/java/functions/CalculatorTest.java;CalculatorTest.<init>#@10",0
"src/test/java/functions/CalculatorTest.java;CalculatorTest.testFibonacci_N004#","174",236,"1","src/main/java/functions/Calculator.java;Calculator.<init>#@15",0
"src/test/java/functions/CalculatorTest.java;CalculatorTest.testFibonacci_N004#","174",236,"1","src/main/java/functions/Calculator.java;Calculator.<init>#@17",1
"src/test/java/functions/CalculatorTest.java;CalculatorTest.testFibonacci_N004#","174",236,"1","src/main/java/functions/Calculator.java;Calculator.<init>#@18",2
"src/test/java/functions/CalculatorTest.java;CalculatorTest.testFibonacci_N004#","174",236,"1","src/main/java/functions/Calculator.java;Calculator.<init>#@19",3
"src/test/java/functions/CalculatorTest.java;CalculatorTest.testFibonacci_N004#","174",236,"1","src/main/java/functions/Calculator.java;Calculator.<init>#@21",4
"src/test/java/functions/CalculatorTest.java;CalculatorTest.testFibonacci_N004#","175",237,"1","src/main/java/functions/Calculator.java;Calculator.fibonacci#Double@118",0
"src/test/java/functions/CalculatorTest.java;CalculatorTest.testFibonacci_N004#","175",237,"1","src/main/java/functions/Calculator.java;Calculator.fibonacci#Double@119",1
"src/test/java/functions/CalculatorTest.java;CalculatorTest.testFibonacci_N004#","175",237,"1","src/main/java/functions/Calculator.java;Calculator.fibonacci#Double@120",2
"src/test/java/functions/CalculatorTest.java;CalculatorTest.testIsPrime_N001#","112",242,"1","src/test/java/functions/CalculatorTest.java;CalculatorTest.<init>#@10",0
"src/test/java/functions/CalculatorTest.java;CalculatorTest.testIsPrime_N001#","113",243,"1","src/main/java/functions/Calculator.java;Calculator.<init>#@15",0
"src/test/java/functions/CalculatorTest.java;CalculatorTest.testIsPrime_N001#","113",243,"1","src/main/java/functions/Calculator.java;Calculator.<init>#@17",1
"src/test/java/functions/CalculatorTest.java;CalculatorTest.testIsPrime_N001#","113",243,"1","src/main/java/functions/Calculator.java;Calculator.<init>#@18",2
"src/test/java/functions/CalculatorTest.java;CalculatorTest.testIsPrime_N001#","113",243,"1","src/main/java/functions/Calculator.java;Calculator.<init>#@19",3
"src/test/java/functions/CalculatorTest.java;CalculatorTest.testIsPrime_N001#","113",243,"1","src/main/java/functions/Calculator.java;Calculator.<init>#@21",4
"src/test/java/functions/CalculatorTest.java;CalculatorTest.testIsPrime_N001#","114",244,"1","src/main/java/functions/Calculator.java;Calculator.isPrime#Double@135",0
"src/test/java/functions/CalculatorTest.java;CalculatorTest.testIsPrime_N001#","114",244,"1","src/main/java/functions/Calculator.java;Calculator.isPrime#Double@136",1
"src/test/java/functions/CalculatorTest.java;CalculatorTest.testIsPrime_N001#","114",244,"1","src/main/java/functions/Calculator.java;Calculator.isPrime#Double@140",2
"src/test/java/functions/CalculatorTest.java;CalculatorTest.testIsPrime_N001#","114",244,"1","src/main/java/functions/Calculator.java;Calculator.isPrime#Double@141",3
"src/test/java/functions/CalculatorTest.java;CalculatorTest.testIsPrime_N001#","114",244,"1","src/main/java/functions/Calculator.java;Calculator.isPrime#Double@141",4
"src/test/java/functions/CalculatorTest.java;CalculatorTest.testIsPrime_N001#","114",244,"1","src/main/java/functions/Calculator.java;Calculator.isPrime#Double@141",5
"src/test/java/functions/CalculatorTest.java;CalculatorTest.testIsPrime_N001#","114",244,"1","src/main/java/functions/Calculator.java;Calculator.isPrime#Double@146",6
"src/test/java/functions/CalculatorTest.java;CalculatorTest.testIsPrime_N001#","114",244,"1","src/main/java/functions/Calculator.java;Calculator.isPrime#Double@147",7
"src/test/java/functions/CalculatorTest.java;CalculatorTest.testIsPrime_N002#","136",249,"1","src/test/java/functions/CalculatorTest.java;CalculatorTest.<init>#@10",0
"src/test/java/functions/CalculatorTest.java;CalculatorTest.testIsPrime_N002#","137",250,"1","src/main/java/functions/Calculator.java;Calculator.<init>#@15",0
"src/test/java/functions/CalculatorTest.java;CalculatorTest.testIsPrime_N002#","137",250,"1","src/main/java/functions/Calculator.java;Calculator.<init>#@17",1
"src/test/java/functions/CalculatorTest.java;CalculatorTest.testIsPrime_N002#","137",250,"1","src/main/java/functions/Calculator.java;Calculator.<init>#@18",2
"src/test/java/functions/CalculatorTest.java;CalculatorTest.testIsPrime_N002#","137",250,"1","src/main/java/functions/Calculator.java;Calculator.<init>#@19",3
"src/test/java/functions/CalculatorTest.java;CalculatorTest.testIsPrime_N002#","137",250,"1","src/main/java/functions/Calculator.java;Calculator.<init>#@21",4
"src/test/java/functions/CalculatorTest.java;CalculatorTest.testIsPrime_N002#","138",251,"1","src/main/java/functions/Calculator.java;Calculator.isPrime#Double@135",0
"src/test/java/functions/CalculatorTest.java;CalculatorTest.testIsPrime_N002#","138",251,"1","src/main/java/functions/Calculator.java;Calculator.isPrime#Double@136",1
"src/test/java/functions/CalculatorTest.java;CalculatorTest.testIsPrime_N002#","138",251,"1","src/main/java/functions/Calculator.java;Calculator.isPrime#Double@140",2
"src/test/java/functions/CalculatorTest.java;CalculatorTest.testIsPrime_N002#","138",251,"1","src/main/java/functions/Calculator.java;Calculator.isPrime#Double@141",3
"src/test/java/functions/CalculatorTest.java;CalculatorTest.testIsPrime_N002#","138",251,"1","src/main/java/functions/Calculator.java;Calculator.isPrime#Double@142",4
"src/test/java/functions/CalculatorTest.java;CalculatorTest.testIsPrime_N002#","138",251,"1","src/main/java/functions/Calculator.java;Calculator.isPrime#Double@143",5
"src/test/java/functions/CalculatorTest.java;CalculatorTest.testIsPrime_N003#","131",256,"1","src/test/java/functions/CalculatorTest.java;CalculatorTest.<init>#@10",0
"src/test/java/functions/CalculatorTest.java;CalculatorTest.testIsPrime_N003#","132",257,"1","src/main/java/functions/Calculator.java;Calculator.<init>#@15",0
"src/test/java/functions/CalculatorTest.java;CalculatorTest.testIsPrime_N003#","132",257,"1","src/main/java/functions/Calculator.java;Calculator.<init>#@17",1
"src/test/java/functions/CalculatorTest.java;CalculatorTest.testIsPrime_N003#","132",257,"1","src/main/java/functions/Calculator.java;Calculator.<init>#@18",2
"src/test/java/functions/CalculatorTest.java;CalculatorTest.testIsPrime_N003#","132",257,"1","src/main/java/functions/Calculator.java;Calculator.<init>#@19",3
"src/test/java/functions/CalculatorTest.java;CalculatorTest.testIsPrime_N003#","132",257,"1","src/main/java/functions/Calculator.java;Calculator.<init>#@21",4
"src/test/java/functions/CalculatorTest.java;CalculatorTest.testIsPrime_N003#","133",258,"1","src/main/java/functions/Calculator.java;Calculator.isPrime#Double@135",0
"src/test/java/functions/CalculatorTest.java;CalculatorTest.testIsPrime_N003#","133",258,"1","src/main/java/functions/Calculator.java;Calculator.isPrime#Double@136",1
"src/test/java/functions/CalculatorTest.java;CalculatorTest.testIsPrime_N003#","133",258,"1","src/main/java/functions/Calculator.java;Calculator.isPrime#Double@140",2
"src/test/java/functions/CalculatorTest.java;CalculatorTest.testIsPrime_N003#","133",258,"1","src/main/java/functions/Calculator.java;Calculator.isPrime#Double@146",3
"src/test/java/functions/CalculatorTest.java;CalculatorTest.testIsPrime_N003#","133",258,"1","src/main/java/functions/Calculator.java;Calculator.isPrime#Double@147",4
"src/test/java/functions/CalculatorTest.java;CalculatorTest.testIsPrime_N004#","126",263,"1","src/test/java/functions/CalculatorTest.java;CalculatorTest.<init>#@10",0
"src/test/java/functions/CalculatorTest.java;CalculatorTest.testIsPrime_N004#","127",264,"1","src/main/java/functions/Calculator.java;Calculator.<init>#@15",0
"src/test/java/functions/CalculatorTest.java;CalculatorTest.testIsPrime_N004#","127",264,"1","src/main/java/functions/Calculator.java;Calculator.<init>#@17",1
"src/test/java/functions/CalculatorTest.java;CalculatorTest.testIsPrime_N004#","127",264,"1","src/main/java/functions/Calculator.java;Calculator.<init>#@18",2
"src/test/java/functions/CalculatorTest.java;CalculatorTest.testIsPrime_N004#","127",264,"1","src/main/java/functions/Calculator.java;Calculator.<init>#@19",3
"src/test/java/functions/CalculatorTest.java;CalculatorTest.testIsPrime_N004#","127",264,"1","src/main/java/functions/Calculator.java;Calculator.<init>#@21",4
"src/test/java/functions/CalculatorTest.java;CalculatorTest.testIsPrime_N004#","128",265,"1","src/main/java/functions/Calculator.java;Calculator.isPrime#Double@135",0
"src/test/java/functions/CalculatorTest.java;CalculatorTest.testIsPrime_N004#","128",265,"1","src/main/java/functions/Calculator.java;Calculator.isPrime#Double@136",1
"src/test/java/functions/CalculatorTest.java;CalculatorTest.testIsPrime_N004#","128",265,"1","src/main/java/functions/Calculator.java;Calculator.isPrime#Double@138",2
"src/test/java/functions/CalculatorTest.java;CalculatorTest.testIsPrime_N005#","117",270,"1","src/test/java/functions/CalculatorTest.java;CalculatorTest.<init>#@10",0
"src/test/java/functions/CalculatorTest.java;CalculatorTest.testIsPrime_N005#","118",271,"1","src/main/java/functions/Calculator.java;Calculator.<init>#@15",0
"src/test/java/functions/CalculatorTest.java;CalculatorTest.testIsPrime_N005#","118",271,"1","src/main/java/functions/Calculator.java;Calculator.<init>#@17",1
"src/test/java/functions/CalculatorTest.java;CalculatorTest.testIsPrime_N005#","118",271,"1","src/main/java/functions/Calculator.java;Calculator.<init>#@18",2
"src/test/java/functions/CalculatorTest.java;CalculatorTest.testIsPrime_N005#","118",271,"1","src/main/java/functions/Calculator.java;Calculator.<init>#@19",3
"src/test/java/functions/CalculatorTest.java;CalculatorTest.testIsPrime_N005#","118",271,"1","src/main/java/functions/Calculator.java;Calculator.<init>#@21",4
"src/test/java/functions/CalculatorTest.java;CalculatorTest.testIsPrime_N005#","119",272,"1","src/main/java/functions/Calculator.java;Calculator.isPrime#Double@135",0
"src/test/java/functions/CalculatorTest.java;CalculatorTest.testIsPrime_N005#","119",272,"1","src/main/java/functions/Calculator.java;Calculator.isPrime#Double@136",1
"src/test/java/functions/CalculatorTest.java;CalculatorTest.testIsPrime_N005#","119",272,"1","src/main/java/functions/Calculator.java;Calculator.isPrime#Double@138",2
"src/test/java/functions/CalculatorTest.java;CalculatorTest.testIsPrime_N006#","77",277,"1","src/test/java/functions/CalculatorTest.java;CalculatorTest.<init>#@10",0
"src/test/java/functions/CalculatorTest.java;CalculatorTest.testIsPrime_N006#","78",278,"1","src/main/java/functions/Calculator.java;Calculator.<init>#@15",0
"src/test/java/functions/CalculatorTest.java;CalculatorTest.testIsPrime_N006#","78",278,"1","src/main/java/functions/Calculator.java;Calculator.<init>#@17",1
"src/test/java/functions/CalculatorTest.java;CalculatorTest.testIsPrime_N006#","78",278,"1","src/main/java/functions/Calculator.java;Calculator.<init>#@18",2
"src/test/java/functions/CalculatorTest.java;CalculatorTest.testIsPrime_N006#","78",278,"1","src/main/java/functions/Calculator.java;Calculator.<init>#@19",3
"src/test/java/functions/CalculatorTest.java;CalculatorTest.testIsPrime_N006#","78",278,"1","src/main/java/functions/Calculator.java;Calculator.<init>#@21",4
"src/test/java/functions/CalculatorTest.java;CalculatorTest.testIsPrime_N006#","79",279,"1","src/main/java/functions/Calculator.java;Calculator.isPrime#Double@135",0
"src/test/java/functions/CalculatorTest.java;CalculatorTest.testIsPrime_N006#","79",279,"1","src/main/java/functions/Calculator.java;Calculator.isPrime#Double@136",1
"src/test/java/functions/CalculatorTest.java;CalculatorTest.testIsPrime_N006#","79",279,"1","src/main/java/functions/Calculator.java;Calculator.isPrime#Double@138",2
"src/test/java/functions/CalculatorTest.java;CalculatorTest.testIsPrime_N007#","72",284,"1","src/test/java/functions/CalculatorTest.java;CalculatorTest.<init>#@10",0
"src/test/java/functions/CalculatorTest.java;CalculatorTest.testIsPrime_N007#","73",285,"1","src/main/java/functions/Calculator.java;Calculator.<init>#@15",0
"src/test/java/functions/CalculatorTest.java;CalculatorTest.testIsPrime_N007#","73",285,"1","src/main/java/functions/Calculator.java;Calculator.<init>#@17",1
"src/test/java/functions/CalculatorTest.java;CalculatorTest.testIsPrime_N007#","73",285,"1","src/main/java/functions/Calculator.java;Calculator.<init>#@18",2
"src/test/java/functions/CalculatorTest.java;CalculatorTest.testIsPrime_N007#","73",285,"1","src/main/java/functions/Calculator.java;Calculator.<init>#@19",3
"src/test/java/functions/CalculatorTest.java;CalculatorTest.testIsPrime_N007#","73",285,"1","src/main/java/functions/Calculator.java;Calculator.<init>#@21",4
"src/test/java/functions/CalculatorTest.java;CalculatorTest.testIsPrime_N007#","74",286,"1","src/main/java/functions/Calculator.java;Calculator.isPrime#Double@135",0
"src/test/java/functions/CalculatorTest.java;CalculatorTest.testIsPrime_N007#","74",286,"1","src/main/java/functions/Calculator.java;Calculator.isPrime#Double@136",1
"src/test/java/functions/CalculatorTest.java;CalculatorTest.testIsPrime_N007#","74",286,"1","src/main/java/functions/Calculator.java;Calculator.isPrime#Double@140",2
"src/test/java/functions/CalculatorTest.java;CalculatorTest.testIsPrime_N007#","74",286,"1","src/main/java/functions/Calculator.java;Calculator.isPrime#Double@141",3
"src/test/java/functions/CalculatorTest.java;CalculatorTest.testIsPrime_N007#","74",286,"1","src/main/java/functions/Calculator.java;Calculator.isPrime#Double@141",4
"src/test/java/functions/CalculatorTest.java;CalculatorTest.testIsPrime_N007#","74",286,"1","src/main/java/functions/Calculator.java;Calculator.isPrime#Double@141",5
"src/test/java/functions/CalculatorTest.java;CalculatorTest.testIsPrime_N007#","74",286,"1","src/main/java/functions/Calculator.java;Calculator.isPrime#Double@146",6
"src/test/java/functions/CalculatorTest.java;CalculatorTest.testIsPrime_N007#","74",286,"1","src/main/java/functions/Calculator.java;Calculator.isPrime#Double@147",7
"src/test/java/functions/CalculatorTest.java;CalculatorTest.testMinus_N001#","146",26,"1","src/test/java/functions/CalculatorTest.java;CalculatorTest.<init>#@10",0
"src/test/java/functions/CalculatorTest.java;CalculatorTest.testMinus_N001#","147",27,"1","src/main/java/functions/Calculator.java;Calculator.<init>#@15",0
"src/test/java/functions/CalculatorTest.java;CalculatorTest.testMinus_N001#","147",27,"1","src/main/java/functions/Calculator.java;Calculator.<init>#@17",1
"src/test/java/functions/CalculatorTest.java;CalculatorTest.testMinus_N001#","147",27,"1","src/main/java/functions/Calculator.java;Calculator.<init>#@18",2
"src/test/java/functions/CalculatorTest.java;CalculatorTest.testMinus_N001#","147",27,"1","src/main/java/functions/Calculator.java;Calculator.<init>#@19",3
"src/test/java/functions/CalculatorTest.java;CalculatorTest.testMinus_N001#","147",27,"1","src/main/java/functions/Calculator.java;Calculator.<init>#@21",4
"src/test/java/functions/CalculatorTest.java;CalculatorTest.testMinus_N001#","148",28,"1","src/main/java/functions/Calculator.java;Calculator.minus#Double@52",0
"src/test/java/functions/CalculatorTest.java;CalculatorTest.testMinus_N001#","148",28,"1","src/main/java/functions/Calculator.java;Calculator.isNull#Double,Double@156",1
"src/test/java/functions/CalculatorTest.java;CalculatorTest.testMinus_N001#","148",28,"1","src/main/java/functions/Calculator.java;Calculator.minus#Double@56",2
"src/test/java/functions/CalculatorTest.java;CalculatorTest.testMinus_N001#","148",28,"1","src/main/java/functions/Calculator.java;Calculator.minus#Double@57",3
"src/test/java/functions/CalculatorTest.java;CalculatorTest.testMinus_N001#","148",28,"1","src/main/java/functions/Calculator.java;Calculator.minus#Double@58",4
"src/test/java/functions/CalculatorTest.java;CalculatorTest.testMinus_N001#","149",29,"1","src/main/java/functions/Calculator.java;Calculator.getAnswer#@153",0
"src/test/java/functions/CalculatorTest.java;CalculatorTest.testMinus_N001#","150",30,"1","src/test/java/functions/CalculatorTest.java;CalculatorTest.common#@14",0
"src/test/java/functions/CalculatorTest.java;CalculatorTest.testMinus_N001#","150",30,"1","src/test/java/functions/CalculatorTest.java;CalculatorTest.common#@15",1
"src/test/java/functions/CalculatorTest.java;CalculatorTest.testMinus_N001#","150",30,"1","src/test/java/functions/CalculatorTest.java;CalculatorTest.common#@16",2
"src/test/java/functions/CalculatorTest.java;CalculatorTest.testMinus_N002#","152",34,"1","src/test/java/functions/CalculatorTest.java;CalculatorTest.<init>#@10",0
"src/test/java/functions/CalculatorTest.java;CalculatorTest.testMinus_N002#","153",35,"1","src/main/java/functions/Calculator.java;Calculator.<init>#@15",0
"src/test/java/functions/CalculatorTest.java;CalculatorTest.testMinus_N002#","153",35,"1","src/main/java/functions/Calculator.java;Calculator.<init>#@17",1
"src/test/java/functions/CalculatorTest.java;CalculatorTest.testMinus_N002#","153",35,"1","src/main/java/functions/Calculator.java;Calculator.<init>#@18",2
"src/test/java/functions/CalculatorTest.java;CalculatorTest.testMinus_N002#","153",35,"1","src/main/java/functions/Calculator.java;Calculator.<init>#@19",3
"src/test/java/functions/CalculatorTest.java;CalculatorTest.testMinus_N002#","153",35,"1","src/main/java/functions/Calculator.java;Calculator.<init>#@21",4
"src/test/java/functions/CalculatorTest.java;CalculatorTest.testMinus_N002#","154",36,"1","src/main/java/functions/Calculator.java;Calculator.minus#Double@52",0
"src/test/java/functions/CalculatorTest.java;CalculatorTest.testMinus_N002#","154",36,"1","src/main/java/functions/Calculator.java;Calculator.isNull#Double,Double@156",1
"src/test/java/functions/CalculatorTest.java;CalculatorTest.testMinus_N002#","154",36,"1","src/main/java/functions/Calculator.java;Calculator.minus#Double@53",2
"src/test/java/functions/CalculatorTest.java;CalculatorTest.testMinus_N002#","154",36,"1","src/main/java/functions/Calculator.java;Calculator.minus#Double@54",3
"src/test/java/functions/CalculatorTest.java;CalculatorTest.testMinus_N002#","155",37,"1","src/main/java/functions/Calculator.java;Calculator.getAnswer#@153",0
"src/test/java/functions/CalculatorTest.java;CalculatorTest.testMinus_N003#","141",41,"1","src/test/java/functions/CalculatorTest.java;CalculatorTest.<init>#@10",0
"src/test/java/functions/CalculatorTest.java;CalculatorTest.testMinus_N003#","142",42,"1","src/main/java/functions/Calculator.java;Calculator.<init>#@15",0
"src/test/java/functions/CalculatorTest.java;CalculatorTest.testMinus_N003#","142",42,"1","src/main/java/functions/Calculator.java;Calculator.<init>#@17",1
"src/test/java/functions/CalculatorTest.java;CalculatorTest.testMinus_N003#","142",42,"1","src/main/java/functions/Calculator.java;Calculator.<init>#@18",2
"src/test/java/functions/CalculatorTest.java;CalculatorTest.testMinus_N003#","142",42,"1","src/main/java/functions/Calculator.java;Calculator.<init>#@19",3
"src/test/java/functions/CalculatorTest.java;CalculatorTest.testMinus_N003#","142",42,"1","src/main/java/functions/Calculator.java;Calculator.<init>#@21",4
"src/test/java/functions/CalculatorTest.java;CalculatorTest.testMinus_N003#","143",43,"1","src/main/java/functions/Calculator.java;Calculator.minus#Double@52",0
"src/test/java/functions/CalculatorTest.java;CalculatorTest.testMinus_N003#","143",43,"1","src/main/java/functions/Calculator.java;Calculator.isNull#Double,Double@156",1
"src/test/java/functions/CalculatorTest.java;CalculatorTest.testMinus_N003#","143",43,"1","src/main/java/functions/Calculator.java;Calculator.minus#Double@56",2
"src/test/java/functions/CalculatorTest.java;CalculatorTest.testMinus_N003#","143",43,"1","src/main/java/functions/Calculator.java;Calculator.minus#Double@57",3
"src/test/java/functions/CalculatorTest.java;CalculatorTest.testMinus_N003#","143",43,"1","src/main/java/functions/Calculator.java;Calculator.minus#Double@58",4
"src/test/java/functions/CalculatorTest.java;CalculatorTest.testMinus_N003#","144",44,"1","src/main/java/functions/Calculator.java;Calculator.getAnswer#@153",0
"src/test/java/functions/CalculatorTest.java;CalculatorTest.testPower_N001#","162",116,"1","src/test/java/functions/CalculatorTest.java;CalculatorTest.<init>#@10",0
"src/test/java/functions/CalculatorTest.java;CalculatorTest.testPower_N001#","163",117,"1","src/main/java/functions/Calculator.java;Calculator.<init>#@15",0
"src/test/java/functions/CalculatorTest.java;CalculatorTest.testPower_N001#","163",117,"1","src/main/java/functions/Calculator.java;Calculator.<init>#@17",1
"src/test/java/functions/CalculatorTest.java;CalculatorTest.testPower_N001#","163",117,"1","src/main/java/functions/Calculator.java;Calculator.<init>#@18",2
"src/test/java/functions/CalculatorTest.java;CalculatorTest.testPower_N001#","163",117,"1","src/main/java/functions/Calculator.java;Calculator.<init>#@19",3
"src/test/java/functions/CalculatorTest.java;CalculatorTest.testPower_N001#","163",117,"1","src/main/java/functions/Calculator.java;Calculator.<init>#@21",4
"src/test/java/functions/CalculatorTest.java;CalculatorTest.testPower_N001#","164",118,"1","src/main/java/functions/Calculator.java;Calculator.plus#Double@43",0
"src/test/java/functions/CalculatorTest.java;CalculatorTest.testPower_N001#","164",118,"1","src/main/java/functions/Calculator.java;Calculator.isNull#Double,Double@156",1
"src/test/java/functions/CalculatorTest.java;CalculatorTest.testPower_N001#","164",118,"1","src/main/java/functions/Calculator.java;Calculator.plus#Double@47",2
"src/test/java/functions/CalculatorTest.java;CalculatorTest.testPower_N001#","164",118,"1","src/main/java/functions/Calculator.java;Calculator.plus#Double@48",3
"src/test/java/functions/CalculatorTest.java;CalculatorTest.testPower_N001#","164",118,"1","src/main/java/functions/Calculator.java;Calculator.plus#Double@49",4
"src/test/java/functions/CalculatorTest.java;CalculatorTest.testPower_N001#","165",119,"1","src/main/java/functions/Calculator.java;Calculator.power#Double@25",0
"src/test/java/functions/CalculatorTest.java;CalculatorTest.testPower_N001#","165",119,"1","src/main/java/functions/Calculator.java;Calculator.power#Double@30",1
"src/test/java/functions/CalculatorTest.java;CalculatorTest.testPower_N001#","165",119,"1","src/main/java/functions/Calculator.java;Calculator.power#Double@31",2
"src/test/java/functions/CalculatorTest.java;CalculatorTest.testPower_N001#","166",120,"1","src/main/java/functions/Calculator.java;Calculator.getAnswer#@153",0
"src/test/java/functions/CalculatorTest.java;CalculatorTest.testPower_N002#","189",124,"1","src/test/java/functions/CalculatorTest.java;CalculatorTest.<init>#@10",0
"src/test/java/functions/CalculatorTest.java;CalculatorTest.testPower_N002#","190",125,"1","src/main/java/functions/Calculator.java;Calculator.<init>#@15",0
"src/test/java/functions/CalculatorTest.java;CalculatorTest.testPower_N002#","190",125,"1","src/main/java/functions/Calculator.java;Calculator.<init>#@17",1
"src/test/java/functions/CalculatorTest.java;CalculatorTest.testPower_N002#","190",125,"1","src/main/java/functions/Calculator.java;Calculator.<init>#@18",2
"src/test/java/functions/CalculatorTest.java;CalculatorTest.testPower_N002#","190",125,"1","src/main/java/functions/Calculator.java;Calculator.<init>#@19",3
"src/test/java/functions/CalculatorTest.java;CalculatorTest.testPower_N002#","190",125,"1","src/main/java/functions/Calculator.java;Calculator.<init>#@21",4
"src/test/java/functions/CalculatorTest.java;CalculatorTest.testPower_N002#","191",126,"1","src/main/java/functions/Calculator.java;Calculator.plus#Double@43",0
"src/test/java/functions/CalculatorTest.java;CalculatorTest.testPower_N002#","191",126,"1","src/main/java/functions/Calculator.java;Calculator.isNull#Double,Double@156",1
"src/test/java/functions/CalculatorTest.java;CalculatorTest.testPower_N002#","191",126,"1","src/main/java/functions/Calculator.java;Calculator.plus#Double@47",2
"src/test/java/functions/CalculatorTest.java;CalculatorTest.testPower_N002#","191",126,"1","src/main/java/functions/Calculator.java;Calculator.plus#Double@48",3
"src/test/java/functions/CalculatorTest.java;CalculatorTest.testPower_N002#","191",126,"1","src/main/java/functions/Calculator.java;Calculator.plus#Double@49",4
"src/test/java/functions/CalculatorTest.java;CalculatorTest.testPower_N002#","192",127,"1","src/main/java/functions/Calculator.java;Calculator.power#Double@25",0
"src/test/java/functions/CalculatorTest.java;CalculatorTest.testPower_N002#","192",127,"1","src/main/java/functions/Calculator.java;Calculator.power#Double@30",1
"src/test/java/functions/CalculatorTest.java;CalculatorTest.testPower_N003#","178",132,"1","src/test/java/functions/CalculatorTest.java;CalculatorTest.<init>#@10",0
"src/test/java/functions/CalculatorTest.java;CalculatorTest.testPower_N003#","179",133,"1","src/main/java/functions/Calculator.java;Calculator.<init>#@15",0
"src/test/java/functions/CalculatorTest.java;CalculatorTest.testPower_N003#","179",133,"1","src/main/java/functions/Calculator.java;Calculator.<init>#@17",1
"src/test/java/functions/CalculatorTest.java;CalculatorTest.testPower_N003#","179",133,"1","src/main/java/functions/Calculator.java;Calculator.<init>#@18",2
"src/test/java/functions/CalculatorTest.java;CalculatorTest.testPower_N003#","179",133,"1","src/main/java/functions/Calculator.java;Calculator.<init>#@19",3
"src/test/java/functions/CalculatorTest.java;CalculatorTest.testPower_N003#","179",133,"1","src/main/java/functions/Calculator.java;Calculator.<init>#@21",4
"src/test/java/functions/CalculatorTest.java;CalculatorTest.testPower_N003#","180",134,"1","src/main/java/functions/Calculator.java;Calculator.plus#Double@43",0
"src/test/java/functions/CalculatorTest.java;CalculatorTest.testPower_N003#","180",134,"1","src/main/java/functions/Calculator.java;Calculator.isNull#Double,Double@156",1
"src/test/java/functions/CalculatorTest.java;CalculatorTest.testPower_N003#","180",134,"1","src/main/java/functions/Calculator.java;Calculator.plus#Double@47",2
"src/test/java/functions/CalculatorTest.java;CalculatorTest.testPower_N003#","180",134,"1","src/main/java/functions/Calculator.java;Calculator.plus#Double@48",3
"src/test/java/functions/CalculatorTest.java;CalculatorTest.testPower_N003#","180",134,"1","src/main/java/functions/Calculator.java;Calculator.plus#Double@49",4
"src/test/java/functions/CalculatorTest.java;CalculatorTest.testPower_N003#","181",135,"1","src/main/java/functions/Calculator.java;Calculator.power#Double@25",0
"src/test/java/functions/CalculatorTest.java;CalculatorTest.testPower_N003#","181",135,"1","src/main/java/functions/Calculator.java;Calculator.power#Double@30",1
"src/test/java/functions/CalculatorTest.java;CalculatorTest.testPower_N003#","181",135,"1","src/main/java/functions/Calculator.java;Calculator.power#Double@31",2
"src/test/java/functions/CalculatorTest.java;CalculatorTest.testPower_N003#","182",136,"1","src/main/java/functions/Calculator.java;Calculator.getAnswer#@153",0
"src/test/java/functions/CalculatorTest.java;CalculatorTest.testQuadraticFormula_N001#","97",140,"1","src/test/java/functions/CalculatorTest.java;CalculatorTest.<init>#@10",0
"src/test/java/functions/CalculatorTest.java;CalculatorTest.testQuadraticFormula_N001#","98",141,"1","src/main/java/functions/Calculator.java;Calculator.<init>#@15",0
"src/test/java/functions/CalculatorTest.java;CalculatorTest.testQuadraticFormula_N001#","98",141,"1","src/main/java/functions/Calculator.java;Calculator.<init>#@17",1
"src/test/java/functions/CalculatorTest.java;CalculatorTest.testQuadraticFormula_N001#","98",141,"1","src/main/java/functions/Calculator.java;Calculator.<init>#@18",2
"src/test/java/functions/CalculatorTest.java;CalculatorTest.testQuadraticFormula_N001#","98",141,"1","src/main/java/functions/Calculator.java;Calculator.<init>#@19",3
"src/test/java/functions/CalculatorTest.java;CalculatorTest.testQuadraticFormula_N001#","98",141,"1","src/main/java/functions/Calculator.java;Calculator.<init>#@21",4
"src/test/java/functions/CalculatorTest.java;CalculatorTest.testQuadraticFormula_N001#","99",142,"1","src/main/java/functions/Calculator.java;Calculator.quadraticFormula#Double,Double,Double@85",0
"src/test/java/functions/CalculatorTest.java;CalculatorTest.testQuadraticFormula_N001#","99",142,"1","src/main/java/functions/Calculator.java;Calculator.quadraticFormula#Double,Double,Double@89",1
"src/test/java/functions/CalculatorTest.java;CalculatorTest.testQuadraticFormula_N001#","99",142,"1","src/main/java/functions/Calculator.java;Calculator.quadraticFormula#Double,Double,Double@90",2
"src/test/java/functions/CalculatorTest.java;CalculatorTest.testQuadraticFormula_N001#","99",142,"1","src/main/java/functions/Calculator.java;Calculator.quadraticFormula#Double,Double,Double@94",3
"src/test/java/functions/CalculatorTest.java;CalculatorTest.testQuadraticFormula_N001#","99",142,"1","src/main/java/functions/Calculator.java;Calculator.quadraticFormula#Double,Double,Double@95",4
"src/test/java/functions/CalculatorTest.java;CalculatorTest.testQuadraticFormula_N001#","99",142,"1","src/main/java/functions/Calculator.java;Calculator.quadraticFormula#Double,Double,Double@96",5
"src/test/java/functions/CalculatorTest.java;CalculatorTest.testQuadraticFormula_N001#","99",142,"1","src/main/java/functions/Calculator.java;Calculator.quadraticFormula#Double,Double,Double@97",6
"src/test/java/functions/CalculatorTest.java;CalculatorTest.testQuadraticFormula_N001#","99",142,"1","src/main/java/functions/Calculator.java;Calculator.quadraticFormula#Double,Double,Double@99",7
"src/test/java/functions/CalculatorTest.java;CalculatorTest.testQuadraticFormula_N002#","106",148,"1","src/test/java/functions/CalculatorTest.java;CalculatorTest.<init>#@10",0
"src/test/java/functions/CalculatorTest.java;CalculatorTest.testQuadraticFormula_N002#","107",149,"1","src/main/java/functions/Calculator.java;Calculator.<init>#@15",0
"src/test/java/functions/CalculatorTest.java;CalculatorTest.testQuadraticFormula_N002#","107",149,"1","src/main/java/functions/Calculator.java;Calculator.<init>#@17",1
"src/test/java/functions/CalculatorTest.java;CalculatorTest.testQuadraticFormula_N002#","107",149,"1","src/main/java/functions/Calculator.java;Calculator.<init>#@18",2
"src/test/java/functions/CalculatorTest.java;CalculatorTest.testQuadraticFormula_N002#","107",149,"1","src/main/java/functions/Calculator.java;Calculator.<init>#@19",3
"src/test/java/functions/CalculatorTest.java;CalculatorTest.testQuadraticFormula_N002#","107",149,"1","src/main/java/functions/Calculator.java;Calculator.<init>#@21",4
"src/test/java/functions/CalculatorTest.java;CalculatorTest.testQuadraticFormula_N002#","108",150,"1","src/main/java/functions/Calculator.java;Calculator.quadraticFormula#Double,Double,Double@85",0
"src/test/java/functions/CalculatorTest.java;CalculatorTest.testQuadraticFormula_N002#","108",150,"1","src/main/java/functions/Calculator.java;Calculator.quadraticFormula#Double,Double,Double@89",1
"src/test/java/functions/CalculatorTest.java;CalculatorTest.testQuadraticFormula_N002#","108",150,"1","src/main/java/functions/Calculator.java;Calculator.quadraticFormula#Double,Double,Double@90",2
"src/test/java/functions/CalculatorTest.java;CalculatorTest.testQuadraticFormula_N002#","108",150,"1","src/main/java/functions/Calculator.java;Calculator.quadraticFormula#Double,Double,Double@94",3
"src/test/java/functions/CalculatorTest.java;CalculatorTest.testQuadraticFormula_N002#","108",150,"1","src/main/java/functions/Calculator.java;Calculator.quadraticFormula#Double,Double,Double@95",4
"src/test/java/functions/CalculatorTest.java;CalculatorTest.testQuadraticFormula_N002#","108",150,"1","src/main/java/functions/Calculator.java;Calculator.quadraticFormula#Double,Double,Double@96",5
"src/test/java/functions/CalculatorTest.java;CalculatorTest.testQuadraticFormula_N002#","108",150,"1","src/main/java/functions/Calculator.java;Calculator.quadraticFormula#Double,Double,Double@97",6
"src/test/java/functions/CalculatorTest.java;CalculatorTest.testQuadraticFormula_N002#","108",150,"1","src/main/java/functions/Calculator.java;Calculator.quadraticFormula#Double,Double,Double@99",7
"src/test/java/functions/CalculatorTest.java;CalculatorTest.testQuadraticFormula_N003#","51",156,"1","src/test/java/functions/CalculatorTest.java;CalculatorTest.<init>#@10",0
"src/test/java/functions/CalculatorTest.java;CalculatorTest.testQuadraticFormula_N003#","52",157,"1","src/main/java/functions/Calculator.java;Calculator.<init>#@15",0
"src/test/java/functions/CalculatorTest.java;CalculatorTest.testQuadraticFormula_N003#","52",157,"1","src/main/java/functions/Calculator.java;Calculator.<init>#@17",1
"src/test/java/functions/CalculatorTest.java;CalculatorTest.testQuadraticFormula_N003#","52",157,"1","src/main/java/functions/Calculator.java;Calculator.<init>#@18",2
"src/test/java/functions/CalculatorTest.java;CalculatorTest.testQuadraticFormula_N003#","52",157,"1","src/main/java/functions/Calculator.java;Calculator.<init>#@19",3
"src/test/java/functions/CalculatorTest.java;CalculatorTest.testQuadraticFormula_N003#","52",157,"1","src/main/java/functions/Calculator.java;Calculator.<init>#@21",4
"src/test/java/functions/CalculatorTest.java;CalculatorTest.testQuadraticFormula_N003#","53",158,"1","src/main/java/functions/Calculator.java;Calculator.quadraticFormula#Double,Double,Double@85",0
"src/test/java/functions/CalculatorTest.java;CalculatorTest.testQuadraticFormula_N003#","53",158,"1","src/main/java/functions/Calculator.java;Calculator.quadraticFormula#Double,Double,Double@89",1
"src/test/java/functions/CalculatorTest.java;CalculatorTest.testQuadraticFormula_N003#","53",158,"1","src/main/java/functions/Calculator.java;Calculator.quadraticFormula#Double,Double,Double@90",2
"src/test/java/functions/CalculatorTest.java;CalculatorTest.testQuadraticFormula_N003#","53",158,"1","src/main/java/functions/Calculator.java;Calculator.quadraticFormula#Double,Double,Double@94",3
"src/test/java/functions/CalculatorTest.java;CalculatorTest.testQuadraticFormula_N003#","53",158,"1","src/main/java/functions/Calculator.java;Calculator.quadraticFormula#Double,Double,Double@95",4
"src/test/java/functions/CalculatorTest.java;CalculatorTest.testQuadraticFormula_N003#","53",158,"1","src/main/java/functions/Calculator.java;Calculator.quadraticFormula#Double,Double,Double@96",5
"src/test/java/functions/CalculatorTest.java;CalculatorTest.testQuadraticFormula_N003#","53",158,"1","src/main/java/functions/Calculator.java;Calculator.quadraticFormula#Double,Double,Double@97",6
"src/test/java/functions/CalculatorTest.java;CalculatorTest.testQuadraticFormula_N003#","53",158,"1","src/main/java/functions/Calculator.java;Calculator.quadraticFormula#Double,Double,Double@99",7
"src/test/java/functions/CalculatorTest.java;CalculatorTest.testQuadraticFormula_N004#","57",164,"1","src/test/java/functions/CalculatorTest.java;CalculatorTest.<init>#@10",0
"src/test/java/functions/CalculatorTest.java;CalculatorTest.testQuadraticFormula_N004#","58",165,"1","src/main/java/functions/Calculator.java;Calculator.<init>#@15",0
"src/test/java/functions/CalculatorTest.java;CalculatorTest.testQuadraticFormula_N004#","58",165,"1","src/main/java/functions/Calculator.java;Calculator.<init>#@17",1
"src/test/java/functions/CalculatorTest.java;CalculatorTest.testQuadraticFormula_N004#","58",165,"1","src/main/java/functions/Calculator.java;Calculator.<init>#@18",2
"src/test/java/functions/CalculatorTest.java;CalculatorTest.testQuadraticFormula_N004#","58",165,"1","src/main/java/functions/Calculator.java;Calculator.<init>#@19",3
"src/test/java/functions/CalculatorTest.java;CalculatorTest.testQuadraticFormula_N004#","58",165,"1","src/main/java/functions/Calculator.java;Calculator.<init>#@21",4
"src/test/java/functions/CalculatorTest.java;CalculatorTest.testQuadraticFormula_N004#","59",166,"1","src/main/java/functions/Calculator.java;Calculator.quadraticFormula#Double,Double,Double@85",0
"src/test/java/functions/CalculatorTest.java;CalculatorTest.testQuadraticFormula_N004#","59",166,"1","src/main/java/functions/Calculator.java;Calculator.quadraticFormula#Double,Double,Double@89",1
"src/test/java/functions/CalculatorTest.java;CalculatorTest.testQuadraticFormula_N004#","59",166,"1","src/main/java/functions/Calculator.java;Calculator.quadraticFormula#Double,Double,Double@90",2
"src/test/java/functions/CalculatorTest.java;CalculatorTest.testQuadraticFormula_N004#","59",166,"1","src/main/java/functions/Calculator.java;Calculator.quadraticFormula#Double,Double,Double@91",3
"src/test/java/functions/CalculatorTest.java;CalculatorTest.testQuadraticFormula_N004#","59",166,"1","src/main/java/functions/Calculator.java;Calculator.quadraticFormula#Double,Double,Double@92",4
"src/test/java/functions/CalculatorTest.java;CalculatorTest.testQuadraticFormula_N005#","62",171,"1","src/test/java/functions/CalculatorTest.java;CalculatorTest.<init>#@10",0
"src/test/java/functions/CalculatorTest.java;CalculatorTest.testQuadraticFormula_N005#","63",172,"1","src/main/java/functions/Calculator.java;Calculator.<init>#@15",0
"src/test/java/functions/CalculatorTest.java;CalculatorTest.testQuadraticFormula_N005#","63",172,"1","src/main/java/functions/Calculator.java;Calculator.<init>#@17",1
"src/test/java/functions/CalculatorTest.java;CalculatorTest.testQuadraticFormula_N005#","63",172,"1","src/main/java/functions/Calculator.java;Calculator.<init>#@18",2
"src/test/java/functions/CalculatorTest.java;CalculatorTest.testQuadraticFormula_N005#","63",172,"1","src/main/java/functions/Calculator.java;Calculator.<init>#@19",3
"src/test/java/functions/CalculatorTest.java;CalculatorTest.testQuadraticFormula_N005#","63",172,"1","src/main/java/functions/Calculator.java;Calculator.<init>#@21",4
"src/test/java/functions/CalculatorTest.java;CalculatorTest.testQuadraticFormula_N005#","64",173,"1","src/main/java/functions/Calculator.java;Calculator.quadraticFormula#Double,Double,Double@85",0
"src/test/java/functions/CalculatorTest.java;CalculatorTest.testQuadraticFormula_N005#","64",173,"1","src/main/java/functions/Calculator.java;Calculator.quadraticFormula#Double,Double,Double@86",1
"src/test/java/functions/CalculatorTest.java;CalculatorTest.testQuadraticFormula_N005#","64",173,"1","src/main/java/functions/Calculator.java;Calculator.quadraticFormula#Double,Double,Double@87",2
"src/test/java/functions/CalculatorTest.java;CalculatorTest.testTimes_N001#","34",48,"1","src/test/java/functions/CalculatorTest.java;CalculatorTest.<init>#@10",0
"src/test/java/functions/CalculatorTest.java;CalculatorTest.testTimes_N001#","35",49,"1","src/main/java/functions/Calculator.java;Calculator.<init>#@15",0
"src/test/java/functions/CalculatorTest.java;CalculatorTest.testTimes_N001#","35",49,"1","src/main/java/functions/Calculator.java;Calculator.<init>#@17",1
"src/test/java/functions/CalculatorTest.java;CalculatorTest.testTimes_N001#","35",49,"1","src/main/java/functions/Calculator.java;Calculator.<init>#@18",2
"src/test/java/functions/CalculatorTest.java;CalculatorTest.testTimes_N001#","35",49,"1","src/main/java/functions/Calculator.java;Calculator.<init>#@19",3
"src/test/java/functions/CalculatorTest.java;CalculatorTest.testTimes_N001#","35",49,"1","src/main/java/functions/Calculator.java;Calculator.<init>#@21",4
"src/test/java/functions/CalculatorTest.java;CalculatorTest.testTimes_N001#","36",50,"1","src/main/java/functions/Calculator.java;Calculator.times#Double@61",0
"src/test/java/functions/CalculatorTest.java;CalculatorTest.testTimes_N001#","36",50,"1","src/main/java/functions/Calculator.java;Calculator.isStaticNull#Double,Double@160",1
"src/test/java/functions/CalculatorTest.java;CalculatorTest.testTimes_N001#","36",50,"1","src/main/java/functions/Calculator.java;Calculator.times#Double@64",2
"src/test/java/functions/CalculatorTest.java;CalculatorTest.testTimes_N001#","36",50,"1","src/main/java/functions/Calculator.java;Calculator.times#Double@65",3
"src/test/java/functions/CalculatorTest.java;CalculatorTest.testTimes_N001#","36",50,"1","src/main/java/functions/Calculator.java;Calculator.times#Double@66",4
"src/test/java/functions/CalculatorTest.java;CalculatorTest.testTimes_N001#","37",51,"1","src/main/java/functions/Calculator.java;Calculator.getAnswer#@153",0
"src/test/java/functions/CalculatorTest.java;CalculatorTest.testTimes_N002#","28",55,"1","src/test/java/functions/CalculatorTest.java;CalculatorTest.<init>#@10",0
"src/test/java/functions/CalculatorTest.java;CalculatorTest.testTimes_N002#","29",56,"1","src/main/java/functions/Calculator.java;Calculator.<init>#@15",0
"src/test/java/functions/CalculatorTest.java;CalculatorTest.testTimes_N002#","29",56,"1","src/main/java/functions/Calculator.java;Calculator.<init>#@17",1
"src/test/java/functions/CalculatorTest.java;CalculatorTest.testTimes_N002#","29",56,"1","src/main/java/functions/Calculator.java;Calculator.<init>#@18",2
"src/test/java/functions/CalculatorTest.java;CalculatorTest.testTimes_N002#","29",56,"1","src/main/java/functions/Calculator.java;Calculator.<init>#@19",3
"src/test/java/functions/CalculatorTest.java;CalculatorTest.testTimes_N002#","29",56,"1","src/main/java/functions/Calculator.java;Calculator.<init>#@21",4
"src/test/java/functions/CalculatorTest.java;CalculatorTest.testTimes_N002#","30",57,"1","src/main/java/functions/Calculator.java;Calculator.plus#Double@43",0
"src/test/java/functions/CalculatorTest.java;CalculatorTest.testTimes_N002#","30",57,"1","src/main/java/functions/Calculator.java;Calculator.isNull#Double,Double@156",1
"src/test/java/functions/CalculatorTest.java;CalculatorTest.testTimes_N002#","30",57,"1","src/main/java/functions/Calculator.java;Calculator.plus#Double@47",2
"src/test/java/functions/CalculatorTest.java;CalculatorTest.testTimes_N002#","30",57,"1","src/main/java/functions/Calculator.java;Calculator.plus#Double@48",3
"src/test/java/functions/CalculatorTest.java;CalculatorTest.testTimes_N002#","30",57,"1","src/main/java/functions/Calculator.java;Calculator.plus#Double@49",4
"src/test/java/functions/CalculatorTest.java;CalculatorTest.testTimes_N002#","31",58,"1","src/main/java/functions/Calculator.java;Calculator.times#Double@61",0
"src/test/java/functions/CalculatorTest.java;CalculatorTest.testTimes_N002#","31",58,"1","src/main/java/functions/Calculator.java;Calculator.isStaticNull#Double,Double@160",1
"src/test/java/functions/CalculatorTest.java;CalculatorTest.testTimes_N002#","31",58,"1","src/main/java/functions/Calculator.java;Calculator.times#Double@64",2
"src/test/java/functions/CalculatorTest.java;CalculatorTest.testTimes_N002#","31",58,"1","src/main/java/functions/Calculator.java;Calculator.times#Double@65",3
"src/test/java/functions/CalculatorTest.java;CalculatorTest.testTimes_N002#","31",58,"1","src/main/java/functions/Calculator.java;Calculator.times#Double@66",4
"src/test/java/functions/CalculatorTest.java;CalculatorTest.testTimes_N002#","32",59,"1","src/main/java/functions/Calculator.java;Calculator.getAnswer#@153",0
"src/test/java/functions/CalculatorTest.java;CalculatorTest.testTimes_N003#","22",63,"1","src/test/java/functions/CalculatorTest.java;CalculatorTest.<init>#@10",0
"src/test/java/functions/CalculatorTest.java;CalculatorTest.testTimes_N003#","23",64,"1","src/main/java/functions/Calculator.java;Calculator.<init>#@15",0
"src/test/java/functions/CalculatorTest.java;CalculatorTest.testTimes_N003#","23",64,"1","src/main/java/functions/Calculator.java;Calculator.<init>#@17",1
"src/test/java/functions/CalculatorTest.java;CalculatorTest.testTimes_N003#","23",64,"1","src/main/java/functions/Calculator.java;Calculator.<init>#@18",2
"src/test/java/functions/CalculatorTest.java;CalculatorTest.testTimes_N003#","23",64,"1","src/main/java/functions/Calculator.java;Calculator.<init>#@19",3
"src/test/java/functions/CalculatorTest.java;CalculatorTest.testTimes_N003#","23",64,"1","src/main/java/functions/Calculator.java;Calculator.<init>#@21",4
"src/test/java/functions/CalculatorTest.java;CalculatorTest.testTimes_N003#","24",65,"1","src/main/java/functions/Calculator.java;Calculator.plus#Double@43",0
"src/test/java/functions/CalculatorTest.java;CalculatorTest.testTimes_N003#","24",65,"1","src/main/java/functions/Calculator.java;Calculator.isNull#Double,Double@156",1
"src/test/java/functions/CalculatorTest.java;CalculatorTest.testTimes_N003#","24",65,"1","src/main/java/functions/Calculator.java;Calculator.plus#Double@47",2
"src/test/java/functions/CalculatorTest.java;CalculatorTest.testTimes_N003#","24",65,"1","src/main/java/functions/Calculator.java;Calculator.plus#Double@48",3
"src/test/java/functions/CalculatorTest.java;CalculatorTest.testTimes_N003#","24",65,"1","src/main/java/functions/Calculator.java;Calculator.plus#Double@49",4
"src/test/java/functions/CalculatorTest.java;CalculatorTest.testTimes_N003#","25",66,"1","src/main/java/functions/Calculator.java;Calculator.times#Double@61",0
"src/test/java/functions/CalculatorTest.java;CalculatorTest.testTimes_N003#","25",66,"1","src/main/java/functions/Calculator.java;Calculator.isStaticNull#Double,Double@160",1
"src/test/java/functions/CalculatorTest.java;CalculatorTest.testTimes_N003#","25",66,"1","src/main/java/functions/Calculator.java;Calculator.times#Double@64",2
"src/test/java/functions/CalculatorTest.java;CalculatorTest.testTimes_N003#","25",66,"1","src/main/java/functions/Calculator.java;Calculator.times#Double@65",3
"src/test/java/functions/CalculatorTest.java;CalculatorTest.testTimes_N003#","25",66,"1","src/main/java/functions/Calculator.java;Calculator.times#Double@66",4
"src/test/java/functions/CalculatorTest.java;CalculatorTest.testTimes_N003#","26",67,"1","src/main/java/functions/Calculator.java;Calculator.getAnswer#@153",0
"src/test/java/functions/CalculatorTest.java;CalculatorTest.testTimes_N004#","17",71,"1","src/test/java/functions/CalculatorTest.java;CalculatorTest.<init>#@10",0
"src/test/java/functions/CalculatorTest.java;CalculatorTest.testTimes_N004#","18",72,"1","src/main/java/functions/Calculator.java;Calculator.<init>#@15",0
"src/test/java/functions/CalculatorTest.java;CalculatorTest.testTimes_N004#","18",72,"1","src/main/java/functions/Calculator.java;Calculator.<init>#@17",1
"src/test/java/functions/CalculatorTest.java;CalculatorTest.testTimes_N004#","18",72,"1","src/main/java/functions/Calculator.java;Calculator.<init>#@18",2
"src/test/java/functions/CalculatorTest.java;CalculatorTest.testTimes_N004#","18",72,"1","src/main/java/functions/Calculator.java;Calculator.<init>#@19",3
"src/test/java/functions/CalculatorTest.java;CalculatorTest.testTimes_N004#","18",72,"1","src/main/java/functions/Calculator.java;Calculator.<init>#@21",4
"src/test/java/functions/CalculatorTest.java;CalculatorTest.testTimes_N004#","19",73,"1","src/main/java/functions/Calculator.java;Calculator.times#Double@61",0
"src/test/java/functions/CalculatorTest.java;CalculatorTest.testTimes_N004#","19",73,"1","src/main/java/functions/Calculator.java;Calculator.isStaticNull#Double,Double@160",1
"src/test/java/functions/CalculatorTest.java;CalculatorTest.testTimes_N004#","19",73,"1","src/main/java/functions/Calculator.java;Calculator.times#Double@62",2
"src/test/java/functions/CalculatorTest.java;CalculatorTest.testTimes_N004#","20",74,"1","src/main/java/functions/Calculator.java;Calculator.getAnswer#@153",0
